-- =================================================================================
-- INSERTS para a tabela armazens (50 registros)
-- =================================================================================
INSERT INTO armazens (nome, localizacao, capacidade_kg) VALUES
('Silo Principal A', 'Fazenda Esperança, Bloco 1', 500000.00),
('Silo Secundário B', 'Fazenda Esperança, Bloco 2', 350000.00),
('Armazém Refrigerado C', 'Fazenda Progresso, Setor Frio', 150000.00),
('Silo Principal D', 'Fazenda Progresso, Bloco 3', 600000.00),
('Armazém de Quarentena E', 'Fazenda Nova, Setor Isolado', 50000.00),
('Silo Principal F', 'Fazenda Sol Nascente, Bloco 1', 450000.00),
('Armazém de Grãos G', 'Fazenda Sol Nascente, Bloco 2', 200000.00),
('Silo Principal H', 'Fazenda Verde, Bloco 1', 700000.00),
('Armazém de Sementes I', 'Fazenda Verde, Setor Sementes', 100000.00),
('Silo Principal J', 'Fazenda Boa Vista, Bloco 1', 550000.00),
('Silo Secundário K', 'Fazenda Boa Vista, Bloco 2', 300000.00),
('Armazém Refrigerado L', 'Fazenda Estrela, Setor Frio', 120000.00),
('Silo Principal M', 'Fazenda Estrela, Bloco 3', 650000.00),
('Armazém de Quarentena N', 'Fazenda Lua, Setor Isolado', 40000.00),
('Silo Principal O', 'Fazenda Terra Viva, Bloco 1', 480000.00),
('Armazém de Grãos P', 'Fazenda Terra Viva, Bloco 2', 220000.00),
('Silo Principal Q', 'Fazenda Campo Belo, Bloco 1', 750000.00),
('Armazém de Sementes R', 'Fazenda Campo Belo, Setor Sementes', 90000.00),
('Silo Principal S', 'Fazenda Horizonte, Bloco 1', 520000.00),
('Silo Secundário T', 'Fazenda Horizonte, Bloco 2', 330000.00),
('Armazém Refrigerado U', 'Fazenda Aurora, Setor Frio', 140000.00),
('Silo Principal V', 'Fazenda Aurora, Bloco 3', 580000.00),
('Armazém de Quarentena W', 'Fazenda Nascente, Setor Isolado', 60000.00),
('Silo Principal X', 'Fazenda Pôr do Sol, Bloco 1', 420000.00),
('Armazém de Grãos Y', 'Fazenda Pôr do Sol, Bloco 2', 250000.00),
('Silo Principal Z', 'Fazenda Rio Doce, Bloco 1', 680000.00),
('Armazém de Sementes AA', 'Fazenda Rio Doce, Setor Sementes', 110000.00),
('Silo Principal AB', 'Fazenda Serra Azul, Bloco 1', 530000.00),
('Silo Secundário AC', 'Fazenda Serra Azul, Bloco 2', 310000.00),
('Armazém Refrigerado AD', 'Fazenda Vale Verde, Setor Frio', 130000.00),
('Silo Principal AE', 'Fazenda Vale Verde, Bloco 3', 620000.00),
('Armazém de Quarentena AF', 'Fazenda Pedra Branca, Setor Isolado', 45000.00),
('Silo Principal AG', 'Fazenda Água Limpa, Bloco 1', 470000.00),
('Armazém de Grãos AH', 'Fazenda Água Limpa, Bloco 2', 230000.00),
('Silo Principal AI', 'Fazenda Céu Azul, Bloco 1', 720000.00),
('Armazém de Sementes AJ', 'Fazenda Céu Azul, Setor Sementes', 80000.00),
('Silo Principal AK', 'Fazenda Mirante, Bloco 1', 560000.00),
('Silo Secundário AL', 'Fazenda Mirante, Bloco 2', 340000.00),
('Armazém Refrigerado AM', 'Fazenda Paraíso, Setor Frio', 160000.00),
('Silo Principal AN', 'Fazenda Paraíso, Bloco 3', 590000.00),
('Armazém de Quarentena AO', 'Fazenda Recanto, Setor Isolado', 70000.00),
('Silo Principal AP', 'Fazenda Primavera, Bloco 1', 430000.00),
('Armazém de Grãos AQ', 'Fazenda Primavera, Bloco 2', 260000.00),
('Silo Principal AR', 'Fazenda Verão, Bloco 1', 670000.00),
('Armazém de Sementes AS', 'Fazenda Verão, Setor Sementes', 120000.00),
('Silo Principal AT', 'Fazenda Outono, Bloco 1', 510000.00),
('Silo Secundário AU', 'Fazenda Outono, Bloco 2', 320000.00),
('Armazém Refrigerado AV', 'Fazenda Inverno, Setor Frio', 150000.00),
('Silo Principal AW', 'Fazenda Inverno, Bloco 3', 610000.00),
('Armazém de Quarentena AX', 'Fazenda Colheita, Setor Isolado', 55000.00);

-- =================================================================================
-- INSERTS para a tabela esp32_dispositivos (50 registros)
-- Assume-se que armazens.id vai de 1 a 50
-- =================================================================================
INSERT INTO esp32_dispositivos (nome, armazem_id, status) VALUES
('ESP32-A-01', 1, 'ativo'),
('ESP32-A-02', 1, 'ativo'),
('ESP32-B-01', 2, 'ativo'),
('ESP32-B-02', 2, 'manutenção'),
('ESP32-C-01', 3, 'ativo'),
('ESP32-C-02', 3, 'ativo'),
('ESP32-D-01', 4, 'ativo'),
('ESP32-D-02', 4, 'ativo'),
('ESP32-E-01', 5, 'ativo'),
('ESP32-E-02', 5, 'ativo'),
('ESP32-F-01', 6, 'ativo'),
('ESP32-F-02', 6, 'ativo'),
('ESP32-G-01', 7, 'ativo'),
('ESP32-G-02', 7, 'ativo'),
('ESP32-H-01', 8, 'ativo'),
('ESP32-H-02', 8, 'ativo'),
('ESP32-I-01', 9, 'ativo'),
('ESP32-I-02', 9, 'ativo'),
('ESP32-J-01', 10, 'ativo'),
('ESP32-J-02', 10, 'ativo'),
('ESP32-K-01', 11, 'ativo'),
('ESP32-K-02', 11, 'ativo'),
('ESP32-L-01', 12, 'ativo'),
('ESP32-L-02', 12, 'ativo'),
('ESP32-M-01', 13, 'ativo'),
('ESP32-M-02', 13, 'ativo'),
('ESP32-N-01', 14, 'ativo'),
('ESP32-N-02', 14, 'ativo'),
('ESP32-O-01', 15, 'ativo'),
('ESP32-O-02', 15, 'ativo'),
('ESP32-P-01', 16, 'ativo'),
('ESP32-P-02', 16, 'ativo'),
('ESP32-Q-01', 17, 'ativo'),
('ESP32-Q-02', 17, 'ativo'),
('ESP32-R-01', 18, 'ativo'),
('ESP32-R-02', 18, 'ativo'),
('ESP32-S-01', 19, 'ativo'),
('ESP32-S-02', 19, 'ativo'),
('ESP32-T-01', 20, 'ativo'),
('ESP32-T-02', 20, 'ativo'),
('ESP32-U-01', 21, 'ativo'),
('ESP32-U-02', 21, 'ativo'),
('ESP32-V-01', 22, 'ativo'),
('ESP32-V-02', 22, 'ativo'),
('ESP32-W-01', 23, 'ativo'),
('ESP32-W-02', 23, 'ativo'),
('ESP32-X-01', 24, 'ativo'),
('ESP32-X-02', 24, 'ativo'),
('ESP32-Y-01', 25, 'ativo'),
('ESP32-Y-02', 25, 'ativo');

-- =================================================================================
-- INSERTS para a tabela dht22_sensores (50 registros)
-- Assume-se que esp32_dispositivos.id vai de 1 a 50
-- =================================================================================
INSERT INTO dht22_sensores (esp32_dispositivo_id, localizacao_detalhada) VALUES
(1, 'Piso Inferior, Lado Norte'),
(2, 'Piso Superior, Lado Sul'),
(3, 'Piso Inferior, Lado Leste'),
(4, 'Piso Superior, Lado Oeste'),
(5, 'Prateleira 1, Nível Médio'),
(6, 'Prateleira 2, Nível Alto'),
(7, 'Centro do Silo, 1m de profundidade'),
(8, 'Centro do Silo, 5m de profundidade'),
(9, 'Canto Nordeste, Próximo à Porta'),
(10, 'Canto Sudoeste, Próximo à Janela'),
(11, 'Piso Inferior, Lado Oeste'),
(12, 'Piso Superior, Lado Leste'),
(13, 'Prateleira 3, Nível Baixo'),
(14, 'Prateleira 4, Nível Médio'),
(15, 'Centro do Silo, 2m de profundidade'),
(16, 'Centro do Silo, 6m de profundidade'),
(17, 'Canto Noroeste, Próximo à Porta'),
(18, 'Canto Sudeste, Próximo à Janela'),
(19, 'Piso Inferior, Lado Sul'),
(20, 'Piso Superior, Lado Norte'),
(21, 'Prateleira 5, Nível Alto'),
(22, 'Prateleira 6, Nível Baixo'),
(23, 'Centro do Silo, 3m de profundidade'),
(24, 'Centro do Silo, 7m de profundidade'),
(25, 'Canto Leste, Próximo à Entrada'),
(26, 'Canto Oeste, Próximo à Saída'),
(27, 'Piso Inferior, Lado Leste'),
(28, 'Piso Superior, Lado Oeste'),
(29, 'Prateleira 7, Nível Médio'),
(30, 'Prateleira 8, Nível Alto'),
(31, 'Centro do Silo, 4m de profundidade'),
(32, 'Centro do Silo, 8m de profundidade'),
(33, 'Canto Norte, Próximo ao Teto'),
(34, 'Canto Sul, Próximo ao Chão'),
(35, 'Piso Inferior, Lado Norte'),
(36, 'Piso Superior, Lado Sul'),
(37, 'Prateleira 9, Nível Baixo'),
(38, 'Prateleira 10, Nível Médio'),
(39, 'Centro do Silo, 9m de profundidade'),
(40, 'Centro do Silo, 10m de profundidade'),
(41, 'Canto Nordeste, Próximo ao Teto'),
(42, 'Canto Sudoeste, Próximo ao Chão'),
(43, 'Piso Inferior, Lado Oeste'),
(44, 'Piso Superior, Lado Leste'),
(45, 'Prateleira 11, Nível Alto'),
(46, 'Prateleira 12, Nível Baixo'),
(47, 'Centro do Silo, 11m de profundidade'),
(48, 'Centro do Silo, 12m de profundidade'),
(49, 'Canto Noroeste, Próximo à Entrada'),
(50, 'Canto Sudeste, Próximo à Saída');

-- =================================================================================
-- INSERTS para a tabela ldr_sensores (50 registros)
-- Assume-se que esp32_dispositivos.id vai de 1 a 50
-- =================================================================================
INSERT INTO ldr_sensores (esp32_dispositivo_id, localizacao_detalhada) VALUES
(1, 'Próximo à Abertura de Ventilação'),
(2, 'Próximo à Lâmpada Principal'),
(3, 'Parede Externa, Lado Leste'),
(4, 'Parede Externa, Lado Oeste'),
(5, 'Próximo à Janela de Inspeção'),
(6, 'Ponto Cego, Interior'),
(7, 'Próximo à Abertura de Carga'),
(8, 'Próximo à Saída de Descarga'),
(9, 'Teto, Ponto Central'),
(10, 'Chão, Ponto Central'),
(11, 'Próximo à Abertura de Ventilação Secundária'),
(12, 'Próximo à Lâmpada Secundária'),
(13, 'Parede Externa, Lado Norte'),
(14, 'Parede Externa, Lado Sul'),
(15, 'Próximo à Janela de Manutenção'),
(16, 'Ponto Cego, Canto'),
(17, 'Próximo à Abertura de Amostragem'),
(18, 'Próximo ao Painel de Controle'),
(19, 'Teto, Ponto Leste'),
(20, 'Chão, Ponto Oeste'),
(21, 'Próximo à Abertura de Ventilação 3'),
(22, 'Próximo à Lâmpada 3'),
(23, 'Parede Externa, Lado Nordeste'),
(24, 'Parede Externa, Lado Sudoeste'),
(25, 'Próximo à Janela de Ventilação'),
(26, 'Ponto Cego, Meio'),
(27, 'Próximo à Abertura de Entrada'),
(28, 'Próximo à Saída de Emergência'),
(29, 'Teto, Ponto Norte'),
(30, 'Chão, Ponto Sul'),
(31, 'Próximo à Abertura de Ventilação 4'),
(32, 'Próximo à Lâmpada 4'),
(33, 'Parede Externa, Lado Noroeste'),
(34, 'Parede Externa, Lado Sudeste'),
(35, 'Próximo à Janela de Carga'),
(36, 'Ponto Cego, Alto'),
(37, 'Próximo à Abertura de Descarga'),
(38, 'Próximo ao Quadro Elétrico'),
(39, 'Teto, Ponto Oeste'),
(40, 'Chão, Ponto Leste'),
(41, 'Próximo à Abertura de Ventilação 5'),
(42, 'Próximo à Lâmpada 5'),
(43, 'Parede Externa, Lado Central Norte'),
(44, 'Parede Externa, Lado Central Sul'),
(45, 'Próximo à Janela de Amostragem'),
(46, 'Ponto Cego, Baixo'),
(47, 'Próximo à Abertura de Manutenção'),
(48, 'Próximo ao Extintor'),
(49, 'Teto, Ponto Sudeste'),
(50, 'Chão, Ponto Noroeste');

-- =================================================================================
-- INSERTS para a tabela ultrassonico_sensores (50 registros)
-- Assume-se que esp32_dispositivos.id vai de 1 a 50
-- =================================================================================
INSERT INTO ultrassonico_sensores (esp32_dispositivo_id, localizacao_detalhada) VALUES
(1, 'Base do Silo, Nível 1'),
(2, 'Base do Silo, Nível 2'),
(3, 'Lateral, 1m do chão'),
(4, 'Lateral, 2m do chão'),
(5, 'Próximo ao Motor de Agitação'),
(6, 'Próximo à Válvula de Saída'),
(7, 'Teto, Apontando para o Material'),
(8, 'Parede, Meio do Silo'),
(9, 'Base do Silo, Nível 3'),
(10, 'Base do Silo, Nível 4'),
(11, 'Lateral, 3m do chão'),
(12, 'Lateral, 4m do chão'),
(13, 'Próximo ao Sensor de Nível'),
(14, 'Próximo ao Tubo de Carga'),
(15, 'Teto, Apontando para a Parede'),
(16, 'Parede, Canto Inferior'),
(17, 'Base do Silo, Nível 5'),
(18, 'Base do Silo, Nível 6'),
(19, 'Lateral, 5m do chão'),
(20, 'Lateral, 6m do chão'),
(21, 'Próximo ao Motor de Ventilação'),
(22, 'Próximo à Válvula de Entrada'),
(23, 'Teto, Ponto Leste'),
(24, 'Parede, Ponto Oeste'),
(25, 'Base do Silo, Nível 7'),
(26, 'Base do Silo, Nível 8'),
(27, 'Lateral, 7m do chão'),
(28, 'Lateral, 8m do chão'),
(29, 'Próximo ao Painel de Controle'),
(30, 'Próximo ao Sistema de Secagem'),
(31, 'Teto, Ponto Oeste'),
(32, 'Parede, Ponto Leste'),
(33, 'Base do Silo, Nível 9'),
(34, 'Base do Silo, Nível 10'),
(35, 'Lateral, 9m do chão'),
(36, 'Lateral, 10m do chão'),
(37, 'Próximo ao Sistema de Resfriamento'),
(38, 'Próximo ao Alarme'),
(39, 'Teto, Ponto Norte'),
(40, 'Parede, Ponto Sul'),
(41, 'Base do Silo, Nível 11'),
(42, 'Base do Silo, Nível 12'),
(43, 'Lateral, 11m do chão'),
(44, 'Lateral, 12m do chão'),
(45, 'Próximo ao Medidor de Umidade'),
(46, 'Próximo ao Medidor de Temperatura'),
(47, 'Teto, Ponto Sul'),
(48, 'Parede, Ponto Norte'),
(49, 'Base do Silo, Nível 13'),
(50, 'Base do Silo, Nível 14');

-- =================================================================================
-- INSERTS para a tabela dht22_dados (50 registros)
-- Assume-se que dht22_sensores.id vai de 1 a 50
-- =================================================================================
INSERT INTO dht22_dados (dht22_sensor_id, temperatura, umidade, timestamp) VALUES
(1, 25.5, 60.2, '2025-11-10 10:00:00'),
(2, 26.1, 58.5, '2025-11-10 10:05:00'),
(3, 24.9, 62.1, '2025-11-10 10:10:00'),
(4, 27.0, 55.0, '2025-11-10 10:15:00'),
(5, 23.5, 65.0, '2025-11-10 10:20:00'),
(6, 22.8, 68.1, '2025-11-10 10:25:00'),
(7, 28.0, 50.5, '2025-11-10 10:30:00'),
(8, 29.1, 48.2, '2025-11-10 10:35:00'),
(9, 25.0, 61.0, '2025-11-10 10:40:00'),
(10, 26.5, 57.5, '2025-11-10 10:45:00'),
(11, 24.0, 63.0, '2025-11-10 10:50:00'),
(12, 27.5, 54.0, '2025-11-10 10:55:00'),
(13, 23.0, 66.0, '2025-11-10 11:00:00'),
(14, 22.5, 69.0, '2025-11-10 11:05:00'),
(15, 28.5, 49.5, '2025-11-10 11:10:00'),
(16, 29.5, 47.0, '2025-11-10 11:15:00'),
(17, 25.2, 60.8, '2025-11-10 11:20:00'),
(18, 26.3, 58.0, '2025-11-10 11:25:00'),
(19, 24.7, 62.5, '2025-11-10 11:30:00'),
(20, 27.2, 54.5, '2025-11-10 11:35:00'),
(21, 23.7, 65.5, '2025-11-10 11:40:00'),
(22, 22.6, 68.5, '2025-11-10 11:45:00'),
(23, 28.2, 50.0, '2025-11-10 11:50:00'),
(24, 29.3, 47.5, '2025-11-10 11:55:00'),
(25, 25.1, 61.2, '2025-11-10 12:00:00'),
(26, 26.6, 57.0, '2025-11-10 12:05:00'),
(27, 24.1, 63.5, '2025-11-10 12:10:00'),
(28, 27.6, 53.5, '2025-11-10 12:15:00'),
(29, 23.1, 66.5, '2025-11-10 12:20:00'),
(30, 22.4, 69.5, '2025-11-10 12:25:00'),
(31, 28.6, 49.0, '2025-11-10 12:30:00'),
(32, 29.6, 46.5, '2025-11-10 12:35:00'),
(33, 25.3, 60.5, '2025-11-10 12:40:00'),
(34, 26.4, 57.8, '2025-11-10 12:45:00'),
(35, 24.8, 62.3, '2025-11-10 12:50:00'),
(36, 27.3, 54.2, '2025-11-10 12:55:00'),
(37, 23.8, 65.2, '2025-11-10 13:00:00'),
(38, 22.7, 68.3, '2025-11-10 13:05:00'),
(39, 28.3, 49.8, '2025-11-10 13:10:00'),
(40, 29.4, 47.2, '2025-11-10 13:15:00'),
(41, 25.4, 61.5, '2025-11-10 13:20:00'),
(42, 26.7, 56.5, '2025-11-10 13:25:00'),
(43, 24.2, 63.2, '2025-11-10 13:30:00'),
(44, 27.7, 53.8, '2025-11-10 13:35:00'),
(45, 23.2, 66.2, '2025-11-10 13:40:00'),
(46, 22.3, 69.2, '2025-11-10 13:45:00'),
(47, 28.7, 48.8, '2025-11-10 13:50:00'),
(48, 29.7, 46.2, '2025-11-10 13:55:00'),
(49, 25.6, 60.0, '2025-11-10 14:00:00'),
(50, 26.0, 58.8, '2025-11-10 14:05:00');

-- =================================================================================
-- INSERTS para a tabela ldr_dados (50 registros)
-- Assume-se que ldr_sensores.id vai de 1 a 50
-- =================================================================================
INSERT INTO ldr_dados (ldr_sensor_id, luminosidade, timestamp) VALUES
(1, 550.00, '2025-11-10 10:00:00'),
(2, 800.50, '2025-11-10 10:05:00'),
(3, 120.75, '2025-11-10 10:10:00'),
(4, 150.25, '2025-11-10 10:15:00'),
(5, 450.00, '2025-11-10 10:20:00'),
(6, 50.10, '2025-11-10 10:25:00'),
(7, 600.00, '2025-11-10 10:30:00'),
(8, 750.90, '2025-11-10 10:35:00'),
(9, 30.00, '2025-11-10 10:40:00'),
(10, 20.50, '2025-11-10 10:45:00'),
(11, 560.00, '2025-11-10 10:50:00'),
(12, 810.50, '2025-11-10 10:55:00'),
(13, 130.75, '2025-11-10 11:00:00'),
(14, 160.25, '2025-11-10 11:05:00'),
(15, 460.00, '2025-11-10 11:10:00'),
(16, 60.10, '2025-11-10 11:15:00'),
(17, 610.00, '2025-11-10 11:20:00'),
(18, 760.90, '2025-11-10 11:25:00'),
(19, 40.00, '2025-11-10 11:30:00'),
(20, 30.50, '2025-11-10 11:35:00'),
(21, 570.00, '2025-11-10 11:40:00'),
(22, 820.50, '2025-11-10 11:45:00'),
(23, 140.75, '2025-11-10 11:50:00'),
(24, 170.25, '2025-11-10 11:55:00'),
(25, 470.00, '2025-11-10 12:00:00'),
(26, 70.10, '2025-11-10 12:05:00'),
(27, 620.00, '2025-11-10 12:10:00'),
(28, 770.90, '2025-11-10 12:15:00'),
(29, 50.00, '2025-11-10 12:20:00'),
(30, 40.50, '2025-11-10 12:25:00'),
(31, 580.00, '2025-11-10 12:30:00'),
(32, 830.50, '2025-11-10 12:35:00'),
(33, 150.75, '2025-11-10 12:40:00'),
(34, 180.25, '2025-11-10 12:45:00'),
(35, 480.00, '2025-11-10 12:50:00'),
(36, 80.10, '2025-11-10 12:55:00'),
(37, 630.00, '2025-11-10 13:00:00'),
(38, 780.90, '2025-11-10 13:05:00'),
(39, 60.00, '2025-11-10 13:10:00'),
(40, 50.50, '2025-11-10 13:15:00'),
(41, 590.00, '2025-11-10 13:20:00'),
(42, 840.50, '2025-11-10 13:25:00'),
(43, 160.75, '2025-11-10 13:30:00'),
(44, 190.25, '2025-11-10 13:35:00'),
(45, 490.00, '2025-11-10 13:40:00'),
(46, 90.10, '2025-11-10 13:45:00'),
(47, 640.00, '2025-11-10 13:50:00'),
(48, 790.90, '2025-11-10 13:55:00'),
(49, 70.00, '2025-11-10 14:00:00'),
(50, 60.50, '2025-11-10 14:05:00');

-- =================================================================================
-- INSERTS para a tabela ultrassonico_dados (50 registros)
-- Assume-se que ultrassonico_sensores.id vai de 1 a 50
-- Distância em cm. Impacto = 1 se distância < 10.0, 0 caso contrário.
-- =================================================================================
INSERT INTO ultrassonico_dados (ultrassonico_sensor_id, distancia, impacto, timestamp) VALUES
(1, 150.00, 0, '2025-11-10 10:00:00'),
(2, 200.50, 0, '2025-11-10 10:05:00'),
(3, 5.20, 1, '2025-11-10 10:10:00'), -- Impacto
(4, 10.10, 0, '2025-11-10 10:15:00'),
(5, 80.00, 0, '2025-11-10 10:20:00'),
(6, 120.00, 0, '2025-11-10 10:25:00'),
(7, 300.00, 0, '2025-11-10 10:30:00'),
(8, 250.00, 0, '2025-11-10 10:35:00'),
(9, 155.00, 0, '2025-11-10 10:40:00'),
(10, 205.50, 0, '2025-11-10 10:45:00'),
(11, 15.20, 0, '2025-11-10 10:50:00'),
(12, 9.50, 1, '2025-11-10 10:55:00'), -- Impacto
(13, 85.00, 0, '2025-11-10 11:00:00'),
(14, 125.00, 0, '2025-11-10 11:05:00'),
(15, 305.00, 0, '2025-11-10 11:10:00'),
(16, 255.00, 0, '2025-11-10 11:15:00'),
(17, 160.00, 0, '2025-11-10 11:20:00'),
(18, 210.50, 0, '2025-11-10 11:25:00'),
(19, 20.20, 0, '2025-11-10 11:30:00'),
(20, 10.50, 0, '2025-11-10 11:35:00'),
(21, 90.00, 0, '2025-11-10 11:40:00'),
(22, 130.00, 0, '2025-11-10 11:45:00'),
(23, 310.00, 0, '2025-11-10 11:50:00'),
(24, 260.00, 0, '2025-11-10 11:55:00'),
(25, 165.00, 0, '2025-11-10 12:00:00'),
(26, 215.50, 0, '2025-11-10 12:05:00'),
(27, 25.20, 0, '2025-11-10 12:10:00'),
(28, 5.50, 1, '2025-11-10 12:15:00'), -- Impacto
(29, 95.00, 0, '2025-11-10 12:20:00'),
(30, 135.00, 0, '2025-11-10 12:25:00'),
(31, 315.00, 0, '2025-11-10 12:30:00'),
(32, 265.00, 0, '2025-11-10 12:35:00'),
(33, 170.00, 0, '2025-11-10 12:40:00'),
(34, 220.50, 0, '2025-11-10 12:45:00'),
(35, 30.20, 0, '2025-11-10 12:50:00'),
(36, 10.50, 0, '2025-11-10 12:55:00'),
(37, 100.00, 0, '2025-11-10 13:00:00'),
(38, 140.00, 0, '2025-11-10 13:05:00'),
(39, 320.00, 0, '2025-11-10 13:10:00'),
(40, 270.00, 0, '2025-11-10 13:15:00'),
(41, 175.00, 0, '2025-11-10 13:20:00'),
(42, 225.50, 0, '2025-11-10 13:25:00'),
(43, 35.20, 0, '2025-11-10 13:30:00'),
(44, 8.50, 1, '2025-11-10 13:35:00'), -- Impacto
(45, 105.00, 0, '2025-11-10 13:40:00'),
(46, 145.00, 0, '2025-11-10 13:45:00'),
(47, 325.00, 0, '2025-11-10 13:50:00'),
(48, 275.00, 0, '2025-11-10 13:55:00'),
(49, 180.00, 0, '2025-11-10 14:00:00'),
(50, 230.50, 0, '2025-11-10 14:05:00');

-- =================================================================================
-- FIM DOS INSERTS
-- =================================================================================
